error_type,rate,seed,baseline_f1,dirty_f1,f1_damage,dirty_accuracy,dirty_precision,dirty_recall,dirty_roc_auc
missing_values,0.05,42,0.6803537586860392,0.6827564306128929,-0.0024026719268537278,0.8527417452830188,0.7322888283378747,0.6395002974419988,0.9057178808979985
missing_values,0.1,42,0.6803537586860392,0.6828025477707006,-0.0024487890846613958,0.8531839622641509,0.7347498286497601,0.6377156454491374,0.9052379984805569
missing_values,0.2,42,0.6803537586860392,0.6728434504792332,0.007510308206805982,0.8490566037735849,0.7267080745341615,0.6264128494943486,0.9041071593234109
label_errors,0.05,42,0.6803537586860392,0.6704473850031506,0.009906373682888603,0.8458136792452831,0.7126590756865372,0.6329565734681737,0.8878872152166266
label_errors,0.1,42,0.6803537586860392,0.654795376444861,0.025558382241178235,0.8371167452830188,0.6894736842105263,0.6234384295062463,0.8705495466792755
label_errors,0.2,42,0.6803537586860392,0.6099248120300752,0.070428946655964,0.808814858490566,0.6167883211678832,0.6032123735871505,0.8287991934851169
duplicates,0.05,42,0.6803537586860392,0.6790785736825496,0.001275185003489554,0.8500884433962265,0.7231182795698925,0.6400951814396193,0.9029997518110854
duplicates,0.1,42,0.6803537586860392,0.6733668341708543,0.0069869245151849,0.8466981132075472,0.7132401862940785,0.6377156454491374,0.9022919645895389
duplicates,0.2,42,0.6803537586860392,0.6765447667087011,0.003808991977338083,0.8487617924528302,0.7196512407780014,0.6383105294467579,0.9014272669504343
outliers,0.05,42,0.6803537586860392,0.6769716088328076,0.0033821498532315974,0.8490566037735849,0.7206178643384822,0.6383105294467579,0.9020447665654443
outliers,0.1,42,0.6803537586860392,0.6748971193415638,0.005456639344475378,0.8486143867924528,0.7212449255751014,0.6341463414634146,0.9015082285291816
outliers,0.2,42,0.6803537586860392,0.6700669429391138,0.01028681574692536,0.847435141509434,0.7218406593406593,0.6252230814991077,0.8994949139924573
feature_corruption,0.05,42,0.6803537586860392,0.6706549118387909,0.00969884684724831,0.8458136792452831,0.7123745819397993,0.6335514574657942,0.9024901426800651
feature_corruption,0.1,42,0.6803537586860392,0.6731799558777183,0.007173802808320917,0.8471403301886793,0.7158176943699732,0.6353361094586556,0.9022110612984652
feature_corruption,0.2,42,0.6803537586860392,0.6708740927737457,0.009479665912293544,0.8462558962264151,0.7143817204301075,0.6323616894705533,0.9014867786652658
