error_type,rate,mean_f1,std_f1,mean_damage,std_damage,n_seeds
duplicates,0.05,0.6794600413504186,0.0026805061101991498,0.0005035250704658268,0.0039717445477297575,5
duplicates,0.1,0.6779373855790333,0.0036968054443949926,0.0020261808418511108,0.004977131941563239,5
duplicates,0.2,0.6779308909851985,0.0036224757469524777,0.002032675435685838,0.0052163867870334835,5
feature_corruption,0.05,0.6763671594946632,0.003967325788098427,0.003596406926221185,0.0042097693550141565,5
feature_corruption,0.1,0.6740582935913207,0.0016060203122839807,0.005905272829563613,0.001771276655421688,5
feature_corruption,0.2,0.6655570968719106,0.005807645614581541,0.014406469548973733,0.006275727661270617,5
label_errors,0.05,0.6701397879844351,0.0051329193870548705,0.009823778436449238,0.005449446634399139,5
label_errors,0.1,0.6552126612746164,0.004837038459168125,0.024750905146267897,0.0032209091329096213,5
label_errors,0.2,0.6150326962226028,0.01012284536038608,0.06493087019828155,0.01053521625159179,5
missing_values,0.05,0.6757595985719265,0.004814827868370928,0.004203967848957935,0.005138681056691356,5
missing_values,0.1,0.6793629387753093,0.0031926728237839535,0.000600627645575047,0.004620971410090129,5
missing_values,0.2,0.672860015638835,0.005739114233938396,0.007103550782049317,0.00324248309135318,5
outliers,0.05,0.6771551695513531,0.004030410720563561,0.002808396869531227,0.003479458144556724,5
outliers,0.1,0.6748401482265844,0.0021020485671416466,0.005123418194299956,0.003570193775650438,5
outliers,0.2,0.6709040653509938,0.0006058351730729141,0.009059501069890641,0.002659621330488958,5
