error_type,rate,mean_dirty_f1,mean_repaired_f1,mean_oracle_f1,mean_recovery,mean_recovery_rate_vs_clean,mean_recovery_rate_vs_oracle,mean_repair_precision,mean_repair_recall,total_restored_correctly,total_checkable,n_seeds,restoration_rate
duplicates,0.05,0.6794600413504186,0.6811605046563198,0.6799635664208844,0.0017004633059012786,2.592290954345168,2.592290954345168,0.9838308457711443,1.0,7910,7910,5,1.0
duplicates,0.1,0.6779373855790333,0.6811605046563198,0.6799635664208844,0.0032231190772865626,10.951215615778233,10.951215615778233,0.9918520839862112,1.0,15825,15825,5,1.0
duplicates,0.2,0.6779308909851985,0.6811605046563198,0.6799635664208844,0.0032296136711212897,5.340366960255963,5.340366960255963,0.9959100204498977,1.0,31655,31655,5,1.0
feature_corruption,0.05,0.6763671594946632,0.6718710199415427,0.6799635664208844,-0.004496139553120404,-0.854611004452966,-0.854611004452966,0.23785061641922925,0.17346265025164218,8560,11201,5,0.7642174805820909
feature_corruption,0.1,0.6740582935913207,0.6669441703360466,0.6799635664208844,-0.007114123255274207,-1.0690792399247737,-1.0690792399247737,0.3282801870849431,0.12360849914947314,11695,16004,5,0.7307548112971757
feature_corruption,0.2,0.6655570968719106,0.658035142000967,0.6799635664208844,-0.007521954870943604,-0.6226700648432112,-0.6226700648432112,0.4198272687708021,0.07928029674640942,13944,20490,5,0.6805270863836017
label_errors,0.05,0.6701397879844351,0.6688354121746529,0.6799635664208844,-0.00130437580978211,-0.2101226015696394,-0.2101226015696394,0.7817070615370666,0.17585335018963338,1391,1391,5,1.0
label_errors,0.1,0.6552126612746164,0.6583150073269797,0.6799635664208844,0.0031023460523633027,0.12351250119189956,0.12351250119189956,0.860800553784995,0.06357030015797789,1006,1006,5,1.0
label_errors,0.2,0.6150326962226028,0.6140290846030358,0.6799635664208844,-0.0010036116195669908,-0.027292443153100292,-0.027292443153100292,0.8467400472334683,0.007739693571315748,245,245,5,1.0
missing_values,0.05,0.6757595985719265,0.6783929421322431,0.6799635664208844,0.0026333435603166588,0.8873846031068073,0.8873846031068073,1.0,1.0,52516,110790,5,0.47401390017149564
missing_values,0.1,0.6793629387753093,0.6790626205557245,0.6799635664208844,-0.0003003182195847609,-0.46820829944679937,-0.46820829944679937,1.0,1.0,103821,221585,5,0.46853803280908
missing_values,0.2,0.672860015638835,0.6674359070821592,0.6799635664208844,-0.005424108556675855,-0.9541376937310092,-0.9541376937310092,1.0,1.0,209128,443170,5,0.4718911478665072
outliers,0.05,0.6771551695513531,0.6776970148824174,0.6799635664208844,0.0005418453310642724,5.056951698868325,5.056951698868325,0.184104662439859,0.5795195954487989,191,4584,5,0.041666666666666664
outliers,0.1,0.6748401482265844,0.6765138726765613,0.6799635664208844,0.0016737244499768211,2.5291235033904713,2.5291235033904713,0.3119871851435465,0.5733965244865719,376,9074,5,0.041437072955697596
outliers,0.2,0.6709040653509938,0.6713301836061326,0.6799635664208844,0.00042611825513887424,0.06489187946530835,0.06489187946530835,0.47515576892336747,0.5614594850734481,734,17773,5,0.04129859899848084
