issue,rate,seed,baseline_f1,dirty_f1,repaired_f1,damage,recovery,detected_rate,detector_precision,detector_recall,repair_precision,repair_recall,restored_exactly
missing_values,0.05,42,0.7177319731268624,0.7362818132231042,0.7268673140408115,-0.01854984009624172,-0.009414499182292646,0.04998977365694028,1.0,1.0,1.0,1.0,False
missing_values,0.05,43,0.7311446931496741,0.7251030008609027,0.7199277717587578,0.006041692288771383,-0.005175229102144963,0.04998977365694028,1.0,1.0,1.0,1.0,False
missing_values,0.05,44,0.7428222074909476,0.7311446931496741,0.734483531898448,0.01167751434127351,0.0033388387487738314,0.04998977365694028,1.0,1.0,1.0,1.0,False
missing_values,0.1,42,0.7177319731268624,0.731694828469022,0.7293668009503151,-0.013962855342159575,-0.0023280275187068655,0.0999965912189801,1.0,1.0,1.0,1.0,False
missing_values,0.1,43,0.7311446931496741,0.721616269327443,0.7246096427755351,0.009528423822231069,0.0029933734480920293,0.0999965912189801,1.0,1.0,1.0,1.0,False
missing_values,0.1,44,0.7428222074909476,0.7485566303602711,0.7233527298603221,-0.005734422869323463,-0.025203900499949028,0.0999965912189801,1.0,1.0,1.0,1.0,False
missing_values,0.2,42,0.7177319731268624,0.7389492753623188,0.7403701612865601,-0.02121730223545637,0.0014208859242412775,0.1999931824379602,1.0,1.0,1.0,1.0,False
missing_values,0.2,43,0.7311446931496741,0.7151843582809524,0.7096647350171386,0.015960334868721726,-0.005519623263813833,0.1999931824379602,1.0,1.0,1.0,1.0,False
missing_values,0.2,44,0.7428222074909476,0.723985830849025,0.7194991388539775,0.018836376641922614,-0.004486691995047476,0.1999931824379602,1.0,1.0,1.0,1.0,False
duplicates,0.05,42,0.7177319731268624,0.7164502164502164,0.7177319731268624,0.0012817566766459842,0.0012817566766459842,0.04753246753246753,1.0,1.0,1.0,1.0,True
duplicates,0.05,43,0.7311446931496741,0.7350668111231491,0.7311446931496741,-0.00392211797347497,-0.00392211797347497,0.04753246753246753,1.0,1.0,1.0,1.0,True
duplicates,0.05,44,0.7428222074909476,0.7442057067616297,0.7428222074909476,-0.0013834992706820426,-0.0013834992706820426,0.04753246753246753,1.0,1.0,1.0,1.0,True
duplicates,0.1,42,0.7177319731268624,0.7268673140408115,0.7177319731268624,-0.009135340913949075,-0.009135340913949075,0.09075130176047608,1.0,1.0,1.0,1.0,True
duplicates,0.1,43,0.7311446931496741,0.7353808720403081,0.7311446931496741,-0.00423617889063399,-0.00423617889063399,0.09075130176047608,1.0,1.0,1.0,1.0,True
duplicates,0.1,44,0.7428222074909476,0.7506191204926745,0.7428222074909476,-0.007796913001726913,-0.007796913001726913,0.09075130176047608,1.0,1.0,1.0,1.0,True
duplicates,0.2,42,0.7177319731268624,0.7199277717587578,0.7177319731268624,-0.0021957986318953404,-0.0021957986318953404,0.1665909090909091,1.0,1.0,1.0,1.0,True
duplicates,0.2,43,0.7311446931496741,0.7264845939328313,0.7311446931496741,0.00466009921684285,0.00466009921684285,0.1665909090909091,1.0,1.0,1.0,1.0,True
duplicates,0.2,44,0.7428222074909476,0.7374837179786915,0.7428222074909476,0.005338489512256128,0.005338489512256128,0.1665909090909091,1.0,1.0,1.0,1.0,True
outliers,0.05,42,0.7177319731268624,0.6612996399661512,0.6529775910393452,0.05643233316071128,-0.008322048926805992,0.29560949004635945,0.12203112203112203,0.8142076502732241,0.1943127962085308,0.6721311475409836,False
outliers,0.05,43,0.7311446931496741,0.6760976956485993,0.6537299655953679,0.05504699750107478,-0.02236773005323145,0.2923370602672484,0.13114754098360656,0.8743169398907104,0.2,0.6939890710382514,False
outliers,0.05,44,0.7428222074909476,0.6531303021474233,0.662419470293486,0.08969190534352434,0.009289168146062732,0.3002454322334333,0.13662085691188358,0.9234972677595629,0.2085987261146497,0.7158469945355191,False
outliers,0.1,42,0.7177319731268624,0.628975540465632,0.6179787499653231,0.08875643266123046,-0.010996790500308884,0.31333515134987727,0.2006125574272588,0.7158469945355191,0.3292349726775956,0.6584699453551912,False
outliers,0.1,43,0.7311446931496741,0.6391872228381374,0.6441757038941993,0.09195747031153667,0.004988481056061866,0.3149713662394328,0.2006079027355623,0.7213114754098361,0.3347222222222222,0.6584699453551912,False
outliers,0.1,44,0.7428222074909476,0.6467745217745218,0.6301129426129426,0.09604768571642586,-0.016661579161579176,0.3127897463866921,0.19588414634146342,0.7021857923497268,0.33240611961057026,0.6530054644808743,False
outliers,0.2,42,0.7177319731268624,0.6163951953492542,0.6463949682085384,0.10133677777760819,0.029999772859284124,0.36514862285246796,0.34536082474226804,0.7312414733969986,0.5196687370600414,0.684856753069577,False
outliers,0.2,43,0.7311446931496741,0.6187242299296629,0.6338089494790283,0.1124204632200112,0.01508471954936541,0.3640578129260976,0.3445814406229721,0.7244201909959073,0.5105042016806722,0.6630286493860846,False
outliers,0.2,44,0.7428222074909476,0.622857104598626,0.6391872228381374,0.11996510289232165,0.01633011823951147,0.3624215980365421,0.3444010416666667,0.7216916780354706,0.5058324496288441,0.6507503410641201,False
label_errors,0.05,42,0.7177319731268624,0.7295048853111488,0.7247129645127677,-0.011772912184286333,-0.0047919207983810885,0.0264521407144805,0.8865979381443299,0.46994535519125685,1.0,0.12021857923497267,False
label_errors,0.05,43,0.7311446931496741,0.7078165402672445,0.7053923872526269,0.02332815288242962,-0.002424153014617625,0.024270520861739843,0.8314606741573034,0.40437158469945356,1.0,0.12021857923497267,False
label_errors,0.05,44,0.7428222074909476,0.7347437508727831,0.730929592808448,0.008078456618164531,-0.0038141580643350492,0.026997545677665668,0.8888888888888888,0.4808743169398907,0.9333333333333333,0.07650273224043716,False
label_errors,0.1,42,0.7177319731268624,0.7223940153373888,0.7177628911755054,-0.0046620422105263515,-0.004631124161883382,0.02617943823288792,0.9583333333333334,0.25136612021857924,1.0,0.01366120218579235,False
label_errors,0.1,43,0.7311446931496741,0.712636148983167,0.7286354793108114,0.018508544166507157,0.015999330327644445,0.029451868011998908,0.9537037037037037,0.2814207650273224,1.0,0.030054644808743168,False
label_errors,0.1,44,0.7428222074909476,0.7203456943153255,0.7291692770329532,0.02247651317562216,0.008823582717627731,0.029179165530406326,0.9719626168224299,0.28415300546448086,1.0,0.01366120218579235,False
label_errors,0.2,42,0.7177319731268624,0.6998175723777884,0.6961105052708106,0.017914400749074022,-0.0037070671069777683,0.00763566948459231,0.9642857142857143,0.036834924965893585,1.0,0.001364256480218281,False
label_errors,0.2,43,0.7311446931496741,0.7000260213374967,0.7000260213374967,0.031118671812177423,0.0,0.004908644668666485,0.8888888888888888,0.021828103683492497,,0.0,False
label_errors,0.2,44,0.7428222074909476,0.7007951725693661,0.7007951725693661,0.04202703492158155,0.0,0.007090264521407145,1.0,0.03547066848567531,,0.0,False
