error_type,rate,mean_damage,damage_std,repair_precision,repair_recall,mean_recovery,sign_agreement,n_pos_seeds,n_neg_seeds,repairability_status,evidence_status,p_harm,harm_magnitude,risk
duplicates,0.05,0.0005035250704658,0.0039717445477297,0.9838308457711445,1.0,0.00170046330590124,1.0,5,0,weak,partial,0.0,0.0,0.0
feature_corruption,0.05,0.0035964069262211,0.0042097693550141,0.2378506164192292,0.17346265025164212,-0.00449613955312036,1.0,0,5,negative,complete,1.0,0.00449613955312036,0.00449613955312036
label_errors,0.05,0.0098237784364492,0.0054494466343991,0.7817070615370665,0.17585335018963336,-0.00130437580978208,0.8,1,4,weak,partial,0.8,0.0020447956049242247,0.0016358364839393798
missing_values,0.05,0.0042039678489579,0.0051386810566913,1.0,1.0,0.0026333435603166804,0.6,2,3,weak,partial,0.6,0.0035297357763595,0.0021178414658157
outliers,0.05,0.0028083968695312,0.0034794581445567,0.18410466243985896,0.579519595448799,0.0005418453310642602,0.6,2,3,weak,partial,0.6,0.0021643489668873,0.0012986093801323798
duplicates,0.1,0.0020261808418511,0.0049771319415632,0.9918520839862112,1.0,0.0032231190772865196,1.0,5,0,positive,complete,0.0,0.0,0.0
feature_corruption,0.1,0.0059052728295636,0.0017712766554216,0.3282801870849431,0.12360849914947311,-0.007114123255274179,0.8,1,4,negative,complete,0.8,0.00969793315975615,0.007758346527804921
label_errors,0.1,0.0247509051462678,0.0032209091329096,0.8608005537849948,0.06357030015797785,0.0031023460523632402,1.0,5,0,positive,complete,0.0,0.0,0.0
missing_values,0.1,0.000600627645575,0.0046209714100901,1.0,1.0,-0.00030031821958476014,0.6,3,2,weak,partial,0.4,0.0036006317891795502,0.0014402527156718201
outliers,0.1,0.0051234181942999,0.0035701937756504,0.31198718514354645,0.5733965244865719,0.0016737244499767801,0.8,4,1,weak,partial,0.2,0.00466186591254,0.0009323731825079999
duplicates,0.2,0.0020326754356858,0.0052163867870334,0.9959100204498977,1.0,0.00322961367112124,1.0,5,0,positive,complete,0.0,0.0,0.0
feature_corruption,0.2,0.0144064695489737,0.0062757276612706,0.4198272687708021,0.07928029674640938,-0.007521954870943559,1.0,0,5,negative,complete,1.0,0.007521954870943559,0.007521954870943559
label_errors,0.2,0.0649308701982815,0.0105352162515917,0.8467400472334683,0.0077396935713157,-0.0010036116195669997,0.6,2,3,weak,partial,0.6,0.004560278111247233,0.0027361668667483397
missing_values,0.2,0.0071035507820493,0.0032424830913531,1.0,1.0,-0.0054241085566758395,0.8,1,4,negative,complete,0.8,0.00943897886329805,0.007551183090638441
outliers,0.2,0.0090595010698906,0.0026596213304889,0.47515576892336747,0.5614594850734482,0.0004261182551388599,0.6,3,2,weak,partial,0.4,0.0019046776095073001,0.0007618710438029201
