error_type,rate,seed,clean_f1,dirty_f1,repaired_f1,damage,recovery,recovery_rate
missing_values,0.05,42,0.6803537586860392,0.6827564306128929,0.6803537586860392,-0.0024026719268537278,-0.0024026719268537278,1.0
missing_values,0.05,43,0.6757700857415052,0.6734889670610809,0.6757700857415052,0.0022811186804243544,0.0022811186804243544,1.0
missing_values,0.05,44,0.6799746514575412,0.6763133060710915,0.6799746514575412,0.003661345386449688,0.003661345386449688,1.0
missing_values,0.05,45,0.6824494949494949,0.6766105998095843,0.6824494949494949,0.005838895139910649,0.005838895139910649,1.0
missing_values,0.05,46,0.6812698412698412,0.6696286893049825,0.6812698412698412,0.01164115196485871,0.01164115196485871,1.0
missing_values,0.1,42,0.6803537586860392,0.6828025477707006,0.6803537586860392,-0.0024487890846613958,-0.0024487890846613958,1.0
missing_values,0.1,43,0.6757700857415052,0.6815607300188798,0.6757700857415052,-0.005790644277374635,-0.005790644277374635,1.0
missing_values,0.1,44,0.6799746514575412,0.6744849445324881,0.6799746514575412,0.005489706925053128,0.005489706925053128,1.0
missing_values,0.1,45,0.6824494949494949,0.6788643533123029,0.6824494949494949,0.0035851416371920353,0.0035851416371920353,1.0
missing_values,0.1,46,0.6812698412698412,0.6791021182421751,0.6812698412698412,0.002167723027666102,0.002167723027666102,1.0
missing_values,0.2,42,0.6803537586860392,0.6728434504792332,0.6803537586860392,0.007510308206805982,0.007510308206805982,1.0
missing_values,0.2,43,0.6757700857415052,0.6634460547504025,0.6757700857415052,0.012324030991102686,0.012324030991102686,1.0
missing_values,0.2,44,0.6799746514575412,0.6737967914438503,0.6799746514575412,0.006177860013690917,0.006177860013690917,1.0
missing_values,0.2,45,0.6824494949494949,0.6788643533123029,0.6824494949494949,0.0035851416371920353,0.0035851416371920353,1.0
missing_values,0.2,46,0.6812698412698412,0.6753494282083863,0.6812698412698412,0.0059204130614549655,0.0059204130614549655,1.0
label_errors,0.05,42,0.6803537586860392,0.6704473850031506,0.6803537586860392,0.009906373682888603,0.009906373682888603,1.0
label_errors,0.05,43,0.6757700857415052,0.6715374841168996,0.6757700857415052,0.004232601624605592,0.004232601624605592,1.0
label_errors,0.05,44,0.6799746514575412,0.6614173228346457,0.6799746514575412,0.018557328622895497,0.018557328622895497,1.0
label_errors,0.05,45,0.6824494949494949,0.6725,0.6824494949494949,0.00994949494949493,0.00994949494949493,1.0
label_errors,0.05,46,0.6812698412698412,0.6747967479674797,0.6812698412698412,0.0064730933023615655,0.0064730933023615655,1.0
label_errors,0.1,42,0.6803537586860392,0.654795376444861,0.6803537586860392,0.025558382241178235,0.025558382241178235,1.0
label_errors,0.1,43,0.6757700857415052,0.6507237256135935,0.6757700857415052,0.025046360127911727,0.025046360127911727,1.0
label_errors,0.1,44,0.6799746514575412,0.6506400249765845,0.6799746514575412,0.02933462648095675,0.02933462648095675,1.0
label_errors,0.1,45,0.6824494949494949,0.6618794879800187,0.6824494949494949,0.020570006969476196,0.020570006969476196,1.0
label_errors,0.1,46,0.6812698412698412,0.6580246913580247,0.6812698412698412,0.023245149911816587,0.023245149911816587,1.0
label_errors,0.2,42,0.6803537586860392,0.6099248120300752,0.6803537586860392,0.070428946655964,0.070428946655964,1.0
label_errors,0.2,43,0.6757700857415052,0.6108223784775298,0.6757700857415052,0.06494770726397536,0.06494770726397536,1.0
label_errors,0.2,44,0.6799746514575412,0.6299585553582001,0.6799746514575412,0.0500160960993411,0.0500160960993411,1.0
label_errors,0.2,45,0.6824494949494949,0.6042424242424242,0.6824494949494949,0.07820707070707067,0.07820707070707067,1.0
label_errors,0.2,46,0.6812698412698412,0.6202153110047847,0.6812698412698412,0.061054530265056584,0.061054530265056584,1.0
duplicates,0.05,42,0.6803537586860392,0.6790785736825496,0.6803537586860392,0.001275185003489554,0.001275185003489554,1.0
duplicates,0.05,43,0.6757700857415052,0.6794589493551432,0.6757700857415052,-0.0036888636136379604,-0.0036888636136379604,1.0
duplicates,0.05,44,0.6799746514575412,0.6797220467466835,0.6799746514575412,0.00025260471085775116,0.00025260471085775116,1.0
duplicates,0.05,45,0.6824494949494949,0.675744141861938,0.6824494949494949,0.006705353087556931,0.006705353087556931,1.0
duplicates,0.05,46,0.6812698412698412,0.6832964951057784,0.6812698412698412,-0.002026653835937142,-0.002026653835937142,1.0
duplicates,0.1,42,0.6803537586860392,0.6733668341708543,0.6803537586860392,0.0069869245151849,0.0069869245151849,1.0
duplicates,0.1,43,0.6757700857415052,0.6792809839167455,0.6757700857415052,-0.003510898175240307,-0.003510898175240307,1.0
duplicates,0.1,44,0.6799746514575412,0.6799242424242424,0.6799746514575412,5.040903329878166e-05,5.040903329878166e-05,1.0
duplicates,0.1,45,0.6824494949494949,0.6748659728792179,0.6824494949494949,0.007583522070277016,0.007583522070277016,1.0
duplicates,0.1,46,0.6812698412698412,0.6822488945041061,0.6812698412698412,-0.0009790532342648373,-0.0009790532342648373,1.0
duplicates,0.2,42,0.6803537586860392,0.6765447667087011,0.6803537586860392,0.003808991977338083,0.003808991977338083,1.0
duplicates,0.2,43,0.6757700857415052,0.6792929292929293,0.6757700857415052,-0.003522843551424071,-0.003522843551424071,1.0
duplicates,0.2,44,0.6799746514575412,0.6798866855524079,0.6799746514575412,8.79659051332693e-05,8.79659051332693e-05,1.0
duplicates,0.2,45,0.6824494949494949,0.6723270440251572,0.6824494949494949,0.010122450924337723,0.010122450924337723,1.0
duplicates,0.2,46,0.6812698412698412,0.6816030293467971,0.6812698412698412,-0.00033318807695581487,-0.00033318807695581487,1.0
outliers,0.05,42,0.6803537586860392,0.6769716088328076,0.6803537586860392,0.0033821498532315974,0.0033821498532315974,1.0
outliers,0.05,43,0.6757700857415052,0.6753577106518283,0.6757700857415052,0.0004123750896769529,0.0004123750896769529,1.0
outliers,0.05,44,0.6799746514575412,0.6715143850774581,0.6799746514575412,0.008460266380083126,0.008460266380083126,1.0
outliers,0.05,45,0.6824494949494949,0.6803149606299213,0.6824494949494949,0.0021345343195736666,0.0021345343195736666,1.0
outliers,0.05,46,0.6812698412698412,0.6816171825647505,0.6812698412698412,-0.0003473412949092092,-0.0003473412949092092,1.0
outliers,0.1,42,0.6803537586860392,0.6748971193415638,0.6803537586860392,0.005456639344475378,0.005456639344475378,1.0
outliers,0.1,43,0.6757700857415052,0.676208651399491,0.6757700857415052,-0.00043856565798583436,-0.00043856565798583436,1.0
outliers,0.1,44,0.6799746514575412,0.6741285577230572,0.6799746514575412,0.00584609373448397,0.00584609373448397,1.0
outliers,0.1,45,0.6824494949494949,0.6772252138105797,0.6824494949494949,0.0052242811389152655,0.0052242811389152655,1.0
outliers,0.1,46,0.6812698412698412,0.6717411988582302,0.6812698412698412,0.009528642411610999,0.009528642411610999,1.0
outliers,0.2,42,0.6803537586860392,0.6700669429391138,0.6803537586860392,0.01028681574692536,0.01028681574692536,1.0
outliers,0.2,43,0.6757700857415052,0.6709143039184453,0.6757700857415052,0.0048557818230599015,0.0048557818230599015,1.0
outliers,0.2,44,0.6799746514575412,0.6717315606204495,0.6799746514575412,0.008243090837091738,0.008243090837091738,1.0
outliers,0.2,45,0.6824494949494949,0.6707006369426751,0.6824494949494949,0.011748858006819796,0.011748858006819796,1.0
outliers,0.2,46,0.6812698412698412,0.6711068823342848,0.6812698412698412,0.01016295893555641,0.01016295893555641,1.0
feature_corruption,0.05,42,0.6803537586860392,0.6706549118387909,0.6803537586860392,0.00969884684724831,0.00969884684724831,1.0
feature_corruption,0.05,43,0.6757700857415052,0.6769813703820651,0.6757700857415052,-0.001211284640559862,-0.001211284640559862,1.0
feature_corruption,0.05,44,0.6799746514575412,0.6743002544529262,0.6799746514575412,0.005674397004615028,0.005674397004615028,1.0
feature_corruption,0.05,45,0.6824494949494949,0.6800250469630558,0.6824494949494949,0.002424447986439149,0.002424447986439149,1.0
feature_corruption,0.05,46,0.6812698412698412,0.679874213836478,0.6812698412698412,0.0013956274333633,0.0013956274333633,1.0
feature_corruption,0.1,42,0.6803537586860392,0.6731799558777183,0.6803537586860392,0.007173802808320917,0.007173802808320917,1.0
feature_corruption,0.1,43,0.6757700857415052,0.6717605858007004,0.6757700857415052,0.004009499940804795,0.004009499940804795,1.0
feature_corruption,0.1,44,0.6799746514575412,0.675701229120706,0.6799746514575412,0.004273422336835253,0.004273422336835253,1.0
feature_corruption,0.1,45,0.6824494949494949,0.6743822333437598,0.6824494949494949,0.008067261605735121,0.008067261605735121,1.0
feature_corruption,0.1,46,0.6812698412698412,0.6752674638137193,0.6812698412698412,0.006002377456121977,0.006002377456121977,1.0
feature_corruption,0.2,42,0.6803537586860392,0.6708740927737457,0.6803537586860392,0.009479665912293544,0.009479665912293544,1.0
feature_corruption,0.2,43,0.6757700857415052,0.6668769716088329,0.6757700857415052,0.008893114132672353,0.008893114132672353,1.0
feature_corruption,0.2,44,0.6799746514575412,0.6556648682957791,0.6799746514575412,0.024309783161762133,0.024309783161762133,1.0
feature_corruption,0.2,45,0.6824494949494949,0.66625,0.6824494949494949,0.016199494949494908,0.016199494949494908,1.0
feature_corruption,0.2,46,0.6812698412698412,0.6681195516811955,0.6812698412698412,0.013150289588645725,0.013150289588645725,1.0
