error_type,rate,mean_damage,damage_std,repair_precision,repair_recall,mean_recovery,sign_agreement,n_pos_seeds,n_neg_seeds,repairability_status,evidence_status,p_harm,harm_magnitude,risk,p_material_harm,material_risk,restored_exactly
duplicates,0.05,-0.006361190729731281,0.019690631537313444,1.0,1.0,-0.006361190729731281,0.6,3,2,weak,partial,0.4,0.027577125585535878,0.011030850234214351,0.0,0.0,True
feature_corruption,0.05,0.02260548917392219,0.020069389014845385,0.24952533092321216,0.0638328069759584,-0.0011980958526519258,0.6,2,3,weak,partial,0.6,0.011781801384056323,0.007069080830433793,0.2,0.0033746898263027347,False
label_errors,0.05,-0.010329889634309386,0.010211020845467432,0.973495744279195,0.15952380952380954,-0.008293397377301438,0.8,1,4,weak,partial,0.8,0.012675169043215667,0.010140135234572535,0.2,0.004705882352941171,False
missing_values,0.05,0.003008287506381313,0.013399517822557883,1.0,1.0,0.008477179089903985,0.8,4,0,weak,partial,0.0,0.0,0.0,0.0,0.0,False
outliers,0.05,0.013844213807388029,0.01754305741979729,0.2195024819769491,0.6223809523809524,0.0025367299781048013,0.8,4,1,weak,partial,0.2,0.010927914110429426,0.002185582822085885,0.0,0.0,False
duplicates,0.1,-0.005879002619284401,0.013360021846755403,1.0,1.0,-0.005879002619284401,0.6,2,3,weak,partial,0.6,0.014270724005606436,0.00856243440336386,0.0,0.0,True
feature_corruption,0.1,0.03731064737100748,0.013775136637851928,0.3435628414330402,0.044883594640582766,0.01822415428739784,1.0,5,0,positive,complete,0.0,0.0,0.0,0.0,0.0,False
label_errors,0.1,-0.02159212909286635,0.016115219148823946,0.9712550607287449,0.02619047619047619,-0.002177788172086559,0.6,2,3,weak,partial,0.6,0.008795824984834407,0.005277494990900644,0.0,0.0,False
missing_values,0.1,-0.0001231916672197242,0.012310853423392373,1.0,1.0,-0.002554928923244959,0.6,3,2,weak,partial,0.4,0.009066191692591263,0.0036264766770365054,0.0,0.0,False
outliers,0.1,0.022912149903887145,0.005241757805551439,0.3689998255104087,0.6333333333333333,0.026709557299449495,1.0,5,0,positive,complete,0.0,0.0,0.0,0.0,0.0,False
duplicates,0.2,-0.0043572657960812,0.020079657969222724,1.0,1.0,-0.0043572657960812,0.6,3,2,weak,partial,0.4,0.022573719286500843,0.009029487714600338,0.0,0.0,True
feature_corruption,0.2,0.051940339847206016,0.014382122245826549,0.4216879159993624,0.027499338855871212,-0.0029984363250875725,0.6,2,3,weak,partial,0.6,0.01905137049329279,0.011430822295975673,0.4,0.010252965994444453,False
label_errors,0.2,-0.018071460879270772,0.037434068414225564,0.8,0.0005952380952380953,-0.0035610171779770885,0.6,1,3,weak,partial,0.6,0.011244114794724128,0.006746468876834477,0.2,0.003704461405303328,False
missing_values,0.2,0.003746963095708833,0.01217547580764131,1.0,1.0,-0.02131120851283187,0.8,1,4,negative,complete,0.8,0.027591353802025514,0.022073083041620412,0.8,0.022073083041620412,False
outliers,0.2,0.03007905299621876,0.014642627645030248,0.5430330207218522,0.6175,0.022626658350645267,0.8,4,1,positive,complete,0.2,0.0023121840341732702,0.0004624368068346541,0.0,0.0,False
