error_type,rate,mean_dirty_f1,mean_repaired_f1,mean_damage,mean_recovery,mean_recovery_rate,std_recovery_rate,n_seeds
duplicates,0.05,0.6794600413504186,0.6799635664208844,0.0005035250704658268,0.0005035250704658268,1.0,0.0,5
duplicates,0.1,0.6779373855790333,0.6799635664208844,0.0020261808418511108,0.0020261808418511108,1.0,0.0,5
duplicates,0.2,0.6779308909851985,0.6799635664208844,0.002032675435685838,0.002032675435685838,1.0,0.0,5
feature_corruption,0.05,0.6763671594946632,0.6799635664208844,0.003596406926221185,0.003596406926221185,1.0,0.0,5
feature_corruption,0.1,0.6740582935913207,0.6799635664208844,0.005905272829563613,0.005905272829563613,1.0,0.0,5
feature_corruption,0.2,0.6655570968719106,0.6799635664208844,0.014406469548973733,0.014406469548973733,1.0,0.0,5
label_errors,0.05,0.6701397879844351,0.6799635664208844,0.009823778436449238,0.009823778436449238,1.0,0.0,5
label_errors,0.1,0.6552126612746164,0.6799635664208844,0.024750905146267897,0.024750905146267897,1.0,0.0,5
label_errors,0.2,0.6150326962226028,0.6799635664208844,0.06493087019828155,0.06493087019828155,1.0,0.0,5
missing_values,0.05,0.6757595985719265,0.6799635664208844,0.004203967848957935,0.004203967848957935,1.0,0.0,5
missing_values,0.1,0.6793629387753093,0.6799635664208844,0.000600627645575047,0.000600627645575047,1.0,0.0,5
missing_values,0.2,0.672860015638835,0.6799635664208844,0.007103550782049317,0.007103550782049317,1.0,0.0,5
outliers,0.05,0.6771551695513531,0.6799635664208844,0.002808396869531227,0.002808396869531227,1.0,0.0,5
outliers,0.1,0.6748401482265844,0.6799635664208844,0.005123418194299956,0.005123418194299956,1.0,0.0,5
outliers,0.2,0.6709040653509938,0.6799635664208844,0.009059501069890641,0.009059501069890641,1.0,0.0,5
