error_type,rate,seed,clean_f1,dirty_f1,repaired_f1,oracle_f1,damage,recovery,recovery_rate_vs_clean,recovery_rate_vs_oracle,repair_precision,repair_recall,tp,fp,fn,restored_correctly,n_checkable,n_flagged_not_repaired
missing_values,0.05,42,0.6803537586860392,0.6827564306128929,0.675796178343949,0.6803537586860392,-0.0024026719268537278,-0.006960252268943923,2.8968800072751906,2.8968800072751906,1.0,1.0,22158,0,0,10590,22158,0
missing_values,0.1,42,0.6803537586860392,0.6828025477707006,0.684430176565008,0.6803537586860392,-0.0024487890846613958,0.0016276287943074452,-0.6646667957246731,-0.6646667957246731,1.0,1.0,44317,0,0,20874,44317,0
missing_values,0.2,42,0.6803537586860392,0.6728434504792332,0.6834788231490463,0.6803537586860392,0.007510308206805982,0.01063537266981307,1.416103357805622,1.416103357805622,1.0,1.0,88634,0,0,42276,88634,0
label_errors,0.05,42,0.6803537586860392,0.6704473850031506,0.6685570258349086,0.6803537586860392,0.009906373682888603,-0.001890359168241984,-0.1908225177803684,-0.1908225177803684,0.8015873015873016,0.19152970922882429,303,75,1279,303,303,734
label_errors,0.1,42,0.6803537586860392,0.654795376444861,0.6556456643792888,0.6803537586860392,0.025558382241178235,0.0008502879344278735,0.033268456759283346,0.033268456759283346,0.8938775510204081,0.06919431279620854,219,26,2946,219,219,896
label_errors,0.2,42,0.6803537586860392,0.6099248120300752,0.6074653822998194,0.6803537586860392,0.070428946655964,-0.0024594297302558132,-0.03492072289920505,-0.03492072289920505,0.8070175438596491,0.007265834781235192,46,11,6285,46,46,604
duplicates,0.05,42,0.6803537586860392,0.6790785736825496,0.6804189146302762,0.6803537586860392,0.001275185003489554,0.0013403409477265038,1.0510952873964563,1.0510952873964563,0.9838308457711443,1.0,1582,26,0,1582,1582,0
duplicates,0.1,42,0.6803537586860392,0.6733668341708543,0.6804189146302762,0.6803537586860392,0.0069869245151849,0.00705208045942185,1.0093254112156707,1.0093254112156707,0.9918520839862112,1.0,3165,26,0,3165,3165,0
duplicates,0.2,42,0.6803537586860392,0.6765447667087011,0.6804189146302762,0.6803537586860392,0.003808991977338083,0.003874147921575033,1.0171058234369095,1.0171058234369095,0.9959100204498977,1.0,6331,26,0,6331,6331,0
outliers,0.05,42,0.6803537586860392,0.6769716088328076,0.675110829639012,0.6803537586860392,0.0033821498532315974,-0.0018607791937955698,-0.5501764482781923,-0.5501764482781923,0.18331327717609305,0.5777496839443742,914,4072,668,42,914,5420
outliers,0.1,42,0.6803537586860392,0.6748971193415638,0.6776859504132231,0.6803537586860392,0.005456639344475378,0.0027888310716592812,0.5110894995255381,0.5110894995255381,0.3132944005496393,0.576303317535545,1824,3998,1341,77,1824,5168
outliers,0.2,42,0.6803537586860392,0.6700669429391138,0.6694267515923567,0.6803537586860392,0.01028681574692536,-0.0006401913467571907,-0.062234160940283036,-0.062234160940283036,0.4738247863247863,0.5604169957352709,3548,3940,2783,159,3548,5167
feature_corruption,0.05,42,0.6803537586860392,0.6706549118387909,0.6666666666666666,0.6803537586860392,0.00969884684724831,-0.003988245172124261,-0.4112081812340173,-0.4112081812340173,0.23261238337574217,0.17007751937984497,2194,7238,10706,1684,2194,13081
feature_corruption,0.1,42,0.6803537586860392,0.6731799558777183,0.6641025641025641,0.6803537586860392,0.007173802808320917,-0.009077391775154209,-1.2653528425154525,-1.2653528425154525,0.3268431193590914,0.1242818031080091,3223,6638,22710,2378,3223,14895
feature_corruption,0.2,42,0.6803537586860392,0.6708740927737457,0.6681614349775785,0.6803537586860392,0.009479665912293544,-0.0027126577961671394,-0.2861554216430006,-0.2861554216430006,0.4168124292622698,0.07836347809265887,4051,5668,47644,2775,4051,17507
