issue,rate,seed,repair_precision,repair_recall,restored_exactly,base_posf1,dirty_posf1,repaired_posf1,damage_posf1,recovery_posf1,base_macrof1,dirty_macrof1,repaired_macrof1,damage_macrof1,recovery_macrof1,base_auc,dirty_auc,repaired_auc,damage_auc,recovery_auc
missing_values,0.05,42,1.0,1.0,False,0.4049079754601227,0.4036144578313253,0.4121212121212121,0.0012935176287973693,0.008506754289886787,0.6728266205950583,0.6715134712657238,0.6763969974979149,0.001313149329334462,0.004883526232191127,0.911367175801138,0.9064794848757112,0.9092767295597484,0.004887690925426846,0.0027972446840371923
missing_values,0.05,43,1.0,1.0,False,0.4171779141104294,0.39755351681957185,0.4074074074074074,0.019624397290857576,0.009853890587835534,0.6795724634693869,0.6686820440804244,0.6743996743996744,0.010890419388962513,0.005717630319249989,0.9134920634920635,0.9081686133572926,0.9109883198562444,0.0053234501347708685,0.0028197064989518017
missing_values,0.05,44,1.0,1.0,False,0.40483383685800606,0.42201834862385323,0.42201834862385323,-0.017184511765847177,0.0,0.6722853797321539,0.6821365803614226,0.6821365803614226,-0.009851200629268697,0.0,0.9125022461814913,0.9113327343516022,0.9074947589098532,0.0011695118298891138,-0.0038379754417490197
missing_values,0.05,45,1.0,1.0,False,0.4110429447852761,0.4024390243902439,0.4049079754601227,0.00860392039503216,0.0024689510698787664,0.6761995420322227,0.6712684119506231,0.6728266205950583,0.004931130081599511,0.0015582086444351217,0.91088948787062,0.9103623839472896,0.909329140461216,0.0005271039233303298,-0.0010332434860735873
missing_values,0.05,46,1.0,1.0,False,0.41358024691358025,0.4108761329305136,0.43243243243243246,0.002704113983066636,0.02155629950191884,0.6777913444580111,0.6756124317145685,0.6872905963815055,0.002178912743442618,0.011678164666936941,0.910843066786463,0.9105974842767297,0.9096645702306079,0.00024558250973327755,-0.0009329140461218355
missing_values,0.1,42,1.0,1.0,False,0.4049079754601227,0.4024390243902439,0.40372670807453415,0.0024689510698787664,0.0012876836842902195,0.6728266205950583,0.6712684119506231,0.6725772039457478,0.0015582086444351217,0.0013087919951246807,0.911367175801138,0.9050329439952083,0.9060062893081763,0.006334231805929735,0.0009733453129679992
missing_values,0.1,43,1.0,1.0,False,0.4171779141104294,0.40978593272171254,0.39622641509433965,0.007391981388716884,-0.013559517627372897,0.6795724634693869,0.6754093122209235,0.6688627505087785,0.004163151248463448,-0.00654656171214496,0.9134920634920635,0.9082629529799341,0.9091479484875711,0.005229110512129376,0.0008849955076369875
missing_values,0.1,44,1.0,1.0,False,0.40483383685800606,0.41916167664670656,0.42073170731707316,-0.014327839788700503,0.0015700306703665956,0.6722853797321539,0.6798808995603405,0.6813316238296857,-0.007595519828186625,0.0014507242693452271,0.9125022461814913,0.9094264749925127,0.9062997903563942,0.0030757711889786155,-0.0031266846361185374
missing_values,0.1,45,1.0,1.0,False,0.4110429447852761,0.42201834862385323,0.4174454828660436,-0.010975403838577147,-0.00457286575780963,0.6761995420322227,0.6821365803614226,0.6802079503381758,-0.005937038329199895,-0.0019286300232467246,0.91088948787062,0.9059703504043127,0.9065843066786463,0.004919137466307233,0.0006139562743335825
missing_values,0.1,46,1.0,1.0,False,0.41358024691358025,0.3987538940809969,0.4012539184952978,0.014826352832583378,0.0025000244143009165,0.6777913444580111,0.6699472428623954,0.6715199796682524,0.007844101595615771,0.0015727368058570113,0.910843066786463,0.9065378855944893,0.9076534890685832,0.0043051811919736505,0.0011156034740938958
missing_values,0.2,42,1.0,1.0,False,0.4049079754601227,0.41358024691358025,0.39490445859872614,-0.008672271453457558,-0.018675788314854114,0.6728266205950583,0.6777913444580111,0.6685416997801908,-0.00496472386295288,-0.009249644677820301,0.911367175801138,0.8994204851752021,0.9011200958370769,0.011946690625935896,0.0016996106618747397
missing_values,0.2,43,1.0,1.0,False,0.4171779141104294,0.4,0.3713355048859935,0.017177914110429404,-0.02866449511400654,0.6795724634693869,0.6707317073170731,0.656363166958636,0.008840756152313833,-0.014368540358437154,0.9134920634920635,0.9018523510032943,0.8976609763402217,0.01163971248876916,-0.004191374663072622
missing_values,0.2,44,1.0,1.0,False,0.40483383685800606,0.39755351681957185,0.35494880546075086,0.007280320038434207,-0.04260471135882099,0.6722853797321539,0.6686820440804244,0.648898654317917,0.0036033356517294335,-0.019783389762507375,0.9125022461814913,0.9061874812818209,0.9000569032644505,0.006314764899670422,-0.0061305780173703806
missing_values,0.2,45,1.0,1.0,False,0.4110429447852761,0.42042042042042044,0.4,-0.00937747563514435,-0.020420420420420415,0.6761995420322227,0.6806724079451352,0.6707317073170731,-0.004472865912912516,-0.009940700628062071,0.91088948787062,0.9101811919736448,0.9057337526205451,0.0007082958969751862,-0.004447439353099658
missing_values,0.2,46,1.0,1.0,False,0.41358024691358025,0.4012539184952978,0.4050632911392405,0.012326328418282462,0.00380937264394271,0.6777913444580111,0.6715199796682524,0.6739080158497665,0.00627136478975876,0.002388036181514064,0.910843066786463,0.9097574123989218,0.9056738544474393,0.0010856543875411573,-0.004083557951482519
duplicates,0.05,42,1.0,1.0,True,0.4049079754601227,0.4298507462686567,0.4049079754601227,-0.02494277080853402,-0.02494277080853402,0.6728266205950583,0.6856757559827205,0.6728266205950583,-0.012849135387662192,-0.012849135387662192,0.911367175801138,0.9101467505241091,0.911367175801138,0.0012204252770289248,0.0012204252770289248
duplicates,0.05,43,1.0,1.0,True,0.4171779141104294,0.4049079754601227,0.4171779141104294,0.012269938650306733,0.012269938650306733,0.6795724634693869,0.6728266205950583,0.6795724634693869,0.006745842874328667,0.006745842874328667,0.9134920634920635,0.9130877508235997,0.9134920634920635,0.0004043126684637466,0.0004043126684637466
duplicates,0.05,44,1.0,1.0,True,0.40483383685800606,0.4350453172205438,0.40483383685800606,-0.030211480362537735,-0.030211480362537735,0.6722853797321539,0.6889206396442272,0.6722853797321539,-0.016635259912073375,-0.016635259912073375,0.9125022461814913,0.9115214135968853,0.9125022461814913,0.0009808325846060173,0.0009808325846060173
duplicates,0.05,45,1.0,1.0,True,0.4110429447852761,0.4072948328267477,0.4110429447852761,0.003748111958528366,0.003748111958528366,0.6761995420322227,0.6738400180642452,0.6761995420322227,0.0023595239679774505,0.0023595239679774505,0.91088948787062,0.9127927523210542,0.91088948787062,-0.0019032644504342056,-0.0019032644504342056
duplicates,0.05,46,1.0,1.0,True,0.41358024691358025,0.40625,0.41358024691358025,0.007330246913580252,0.007330246913580252,0.6777913444580111,0.6741615853658536,0.6777913444580111,0.0036297590921575695,0.0036297590921575695,0.910843066786463,0.9116082659478886,0.910843066786463,-0.0007651991614255893,-0.0007651991614255893
duplicates,0.1,42,1.0,1.0,True,0.4049079754601227,0.4,0.4049079754601227,0.004907975460122671,0.004907975460122671,0.6728266205950583,0.6697247706422018,0.6728266205950583,0.0031018499528564503,0.0031018499528564503,0.911367175801138,0.9101033243486074,0.911367175801138,0.0012638514525306066,0.0012638514525306066
duplicates,0.1,43,1.0,1.0,True,0.4171779141104294,0.4086687306501548,0.4171779141104294,0.008509183460274627,0.008509183460274627,0.6795724634693869,0.6751918569332556,0.6795724634693869,0.004380606536131371,0.004380606536131371,0.9134920634920635,0.9144354597184785,0.9134920634920635,-0.0009433962264150386,-0.0009433962264150386
duplicates,0.1,44,1.0,1.0,True,0.40483383685800606,0.4298507462686567,0.40483383685800606,-0.025016909410650656,-0.025016909410650656,0.6722853797321539,0.6856757559827205,0.6722853797321539,-0.013390376250566605,-0.013390376250566605,0.9125022461814913,0.913414195867026,0.9125022461814913,-0.0009119496855346521,-0.0009119496855346521
duplicates,0.1,45,1.0,1.0,True,0.4110429447852761,0.42168674698795183,0.4110429447852761,-0.010643802202675745,-0.010643802202675745,0.6761995420322227,0.6814676085000959,0.6761995420322227,-0.005268066467873256,-0.005268066467873256,0.91088948787062,0.9106199460916442,0.91088948787062,0.00026954177897575704,0.00026954177897575704
duplicates,0.1,46,1.0,1.0,True,0.41358024691358025,0.42073170731707316,0.41358024691358025,-0.007151460403492904,-0.007151460403492904,0.6777913444580111,0.6813316238296857,0.6777913444580111,-0.0035402793716745595,-0.0035402793716745595,0.910843066786463,0.9091509433962265,0.910843066786463,0.0016921233902364996,0.0016921233902364996
duplicates,0.2,42,1.0,1.0,True,0.4049079754601227,0.39634146341463417,0.4049079754601227,0.008566512045488528,0.008566512045488528,0.6728266205950583,0.6679140079909356,0.6728266205950583,0.004912612604122679,0.004912612604122679,0.911367175801138,0.9105196166516922,0.911367175801138,0.0008475591494457868,0.0008475591494457868
duplicates,0.2,43,1.0,1.0,True,0.4171779141104294,0.4072948328267477,0.4171779141104294,0.009883081283681705,0.009883081283681705,0.6795724634693869,0.6738400180642452,0.6795724634693869,0.005732445405141728,0.005732445405141728,0.9134920634920635,0.9112503743635819,0.9134920634920635,0.00224168912848155,0.00224168912848155
duplicates,0.2,44,1.0,1.0,True,0.40483383685800606,0.4431137724550898,0.40483383685800606,-0.03827993559708376,-0.03827993559708376,0.6722853797321539,0.6930816872073366,0.6722853797321539,-0.020796307475182796,-0.020796307475182796,0.9125022461814913,0.9123105720275532,0.9125022461814913,0.00019167415393817056,0.00019167415393817056
duplicates,0.2,45,1.0,1.0,True,0.4110429447852761,0.417910447761194,0.4110429447852761,-0.006867502975917927,-0.006867502975917927,0.6761995420322227,0.6790930493017302,0.6761995420322227,-0.0028935072695075448,-0.0028935072695075448,0.91088948787062,0.9100254567235699,0.91088948787062,0.0008640311470500261,0.0008640311470500261
duplicates,0.2,46,1.0,1.0,True,0.41358024691358025,0.4086687306501548,0.41358024691358025,0.004911516263425453,0.004911516263425453,0.6777913444580111,0.6751918569332556,0.6777913444580111,0.0025994875247555838,0.0025994875247555838,0.910843066786463,0.911564839772387,0.910843066786463,-0.0007217729859240185,-0.0007217729859240185
outliers,0.05,42,0.22975206611570248,0.6619047619047619,False,0.4049079754601227,0.4171779141104294,0.40625,-0.012269938650306733,-0.010927914110429426,0.6728266205950583,0.6795724634693869,0.6741615853658536,-0.006745842874328667,-0.005410878103533356,0.911367175801138,0.9117729859239293,0.9103264450434261,-0.0004058101227912836,-0.001446540880503222
outliers,0.05,43,0.21914357682619648,0.6214285714285714,False,0.4171779141104294,0.3925233644859813,0.40978593272171254,0.02465454962444813,0.017262568235731246,0.6795724634693869,0.6665270070371352,0.6754093122209235,0.013045456432251745,0.008882305183788297,0.9134920634920635,0.9135819107517221,0.9054357592093442,-8.98472596586597e-05,-0.008146151542377966
outliers,0.05,44,0.22119428090832632,0.6261904761904762,False,0.40483383685800606,0.4012345679012346,0.40498442367601245,0.003599268956771484,0.003749855774777877,0.6722853797321539,0.6710080043413377,0.6733674786876556,0.0012773753908161822,0.0023594743463178913,0.9125022461814913,0.9125396825396825,0.910503144654088,-3.7436358191200725e-05,-0.002036537885594547
outliers,0.05,45,0.21337849280270957,0.6,False,0.4110429447852761,0.38509316770186336,0.3862928348909657,0.02594977708341273,0.0011996671891023603,0.6761995420322227,0.6623452415690525,0.663106771211875,0.013854300463170155,0.0007615296428225005,0.91088948787062,0.9094639113507038,0.9088544474393531,0.0014255765199161496,-0.0006094639113507494
outliers,0.05,46,0.2140439932318105,0.6023809523809524,False,0.41358024691358025,0.3862928348909657,0.38769230769230767,0.027287412022614532,0.00139947280134195,0.6777913444580111,0.663106771211875,0.6634644744568409,0.014684573246136146,0.0003577032449658679,0.910843066786463,0.911874812818209,0.9097828691224917,-0.0010317460317460503,-0.002091943695717302
outliers,0.1,42,0.369625520110957,0.6345238095238095,False,0.4049079754601227,0.38125,0.40963855421686746,0.023657975460122715,0.02838855421686748,0.6728266205950583,0.6604420731707317,0.6748315170105146,0.012384547424326597,0.014389443839782912,0.911367175801138,0.9116037735849056,0.9110287511230907,-0.00023659778376761142,-0.0005750224618149558
outliers,0.1,43,0.369625520110957,0.6345238095238095,False,0.4171779141104294,0.39751552795031053,0.4194528875379939,0.019662386160118894,0.02193735958768339,0.6795724634693869,0.6691665498201826,0.680530479232158,0.01040591364920429,0.011363929411975393,0.9134920634920635,0.9158834980533094,0.9098682240191674,-0.0023914345612459087,-0.006015274034141926
outliers,0.1,44,0.3640810621942697,0.6202380952380953,False,0.40483383685800606,0.379746835443038,0.42073170731707316,0.025087001414968058,0.040984871874035156,0.6722853797321539,0.6600317612050757,0.6813316238296857,0.01225361852707818,0.021299862624610033,0.9125022461814913,0.9122941000299492,0.9089997005091345,0.00020814615154218785,-0.0032943995208146726
outliers,0.1,45,0.3786008230452675,0.6571428571428571,False,0.4110429447852761,0.3948220064724919,0.4012539184952978,0.016220938312784206,0.006431912022805908,0.6761995420322227,0.6690001858555106,0.6715199796682524,0.0071993561767120795,0.0025197938127418107,0.91088948787062,0.9116142557651993,0.9103848457622042,-0.0007247678945793146,-0.001229410002995035
outliers,0.1,46,0.3630662020905923,0.6202380952380953,False,0.41358024691358025,0.3836477987421384,0.4194528875379939,0.02993244817144186,0.03580508879585553,0.6777913444580111,0.6619640578110448,0.680530479232158,0.01582728664696631,0.0185664214211132,0.910843066786463,0.9106109613656784,0.9090970350404313,0.00023210542078455632,-0.0015139263252471613
outliers,0.2,42,0.5502342529932327,0.6291666666666667,False,0.4049079754601227,0.35526315789473684,0.39747634069400634,0.04964481756538586,0.0422131827992695,0.6728266205950583,0.6478985692386305,0.6696489227076489,0.024928051356427727,0.021750353469018324,0.911367175801138,0.906749026654687,0.9095717280622941,0.004618149146450978,0.0028227014076070978
outliers,0.2,43,0.5353535353535354,0.5994047619047619,False,0.4171779141104294,0.3924050632911392,0.39009287925696595,0.024772850819290204,-0.0023121840341732702,0.6795724634693869,0.666969888527421,0.6649884597688552,0.012602574941965927,-0.001981428758565773,0.9134920634920635,0.9137391434561246,0.9120889487870619,-0.00024707996406114763,-0.0016501946690626879
outliers,0.2,44,0.5478395061728395,0.6339285714285714,False,0.40483383685800606,0.38461538461538464,0.3902439024390244,0.02021845224262142,0.005628517823639767,0.6722853797321539,0.6631106120157215,0.6645596040312481,0.00917476771643233,0.0014489920155266178,0.9125022461814913,0.9100988319856245,0.9114135968852951,0.002403414195866871,0.0013147648996706396
outliers,0.2,45,0.5396325459317586,0.611904761904762,False,0.4110429447852761,0.37012987012987014,0.4268292682926829,0.040913074655405945,0.056699398162812775,0.6761995420322227,0.6555995644695524,0.6846860277893733,0.02059997756267029,0.0290864633198209,0.91088948787062,0.9117041030248578,0.9114480383348309,-0.0008146151542378632,-0.0002560646900269248
outliers,0.2,46,0.5421052631578948,0.6130952380952381,False,0.41358024691358025,0.3987341772151899,0.40963855421686746,0.014846069698390363,0.010904377001677568,0.6777913444580111,0.6704389521885937,0.6748315170105146,0.007352392269417418,0.004392564821920852,0.910843066786463,0.9124872716382151,0.9116382150344414,-0.0016442048517520957,-0.0008490566037736569
label_errors,0.05,42,0.953125,0.14523809523809525,False,0.4049079754601227,0.4074074074074074,0.4012345679012346,-0.0024994319472846915,-0.006172839506172811,0.6728266205950583,0.6743996743996744,0.6710080043413377,-0.0015730538046161424,-0.0033916700583367376,0.911367175801138,0.8983123689727462,0.8993321353698713,0.013054806828391774,0.001019766397125088
label_errors,0.05,43,0.9859154929577465,0.16666666666666666,False,0.4171779141104294,0.42388059701492536,0.4144144144144144,-0.006702682904495938,-0.009466182600510964,0.6795724634693869,0.6823844026422253,0.6773633137269501,-0.002811939172838396,-0.005021088915275196,0.9134920634920635,0.8968703204552261,0.9000569032644504,0.01662174303683739,0.0031865828092243476
label_errors,0.05,44,0.9848484848484849,0.15476190476190477,False,0.40483383685800606,0.4319526627218935,0.42042042042042044,-0.02711882586388742,-0.011532242301473039,0.6722853797321539,0.6865465336908056,0.6806724079451352,-0.014261153958651795,-0.005874125745670478,0.9125022461814913,0.8985489667565139,0.9009913147648996,0.013953279424977483,0.0024423480083857196
label_errors,0.05,45,0.9743589743589743,0.18095238095238095,False,0.4110429447852761,0.4235294117647059,0.4,-0.012486466979429789,-0.023529411764705854,0.6761995420322227,0.6817033561891014,0.6697247706422018,-0.005503814156878728,-0.011978585546899567,0.91088948787062,0.9000763701707097,0.8999206349206349,0.010813117699910224,-0.0001557352500748399
label_errors,0.05,46,0.9692307692307692,0.15,False,0.41358024691358025,0.41642228739002934,0.42565597667638483,-0.0028420404764490925,0.009233689286355484,0.6777913444580111,0.6776803060147446,0.6825854338401881,0.00011103844326654233,0.0049051278254435005,0.910843066786463,0.9022102425876011,0.9042647499251273,0.00863282419886191,0.0020545073375262124
label_errors,0.1,42,1.0,0.034523809523809526,False,0.4049079754601227,0.4121212121212121,0.4133738601823708,-0.007213236661089417,0.001252648061158712,0.6728266205950583,0.6763969974979149,0.6771852486482016,-0.0035703769028566645,0.0007882511502866896,0.911367175801138,0.8882404911650195,0.8875471698113209,0.023126684636118555,-0.0006933213536985949
label_errors,0.1,43,1.0,0.034523809523809526,False,0.4171779141104294,0.436046511627907,0.4502923976608187,-0.018868597517477548,0.014245886032911714,0.6795724634693869,0.6882321010227987,0.6962941423540435,-0.008659637553411814,0.008062041331244774,0.9134920634920635,0.8790446241389637,0.8804282719377059,0.034447439353099796,0.0013836477987422269
label_errors,0.1,44,0.9615384615384616,0.02976190476190476,False,0.40483383685800606,0.43529411764705883,0.4228571428571429,-0.030460280789052774,-0.012436974789915956,0.6722853797321539,0.6881992060627933,0.6803516483516484,-0.015913826330639425,-0.00784755771114487,0.9125022461814913,0.8781027253668764,0.8754672057502246,0.03439952081461495,-0.0026355196166517603
label_errors,0.1,45,1.0,0.011904761904761904,False,0.4110429447852761,0.4556213017751479,0.44642857142857145,-0.04457835698987184,-0.009192730346576472,0.6761995420322227,0.6996070947870221,0.6947216386554622,-0.023407552754799443,-0.004885456131559884,0.91088948787062,0.8944983528002397,0.8944070080862534,0.01639113507038026,-9.134471398630772e-05
label_errors,0.1,46,0.8947368421052632,0.02023809523809524,False,0.41358024691358025,0.42042042042042044,0.41566265060240964,-0.006840173506840186,-0.004757769818010793,0.6777913444580111,0.6806724079451352,0.6781495627553051,-0.002881063487124025,-0.0025228451898300364,0.910843066786463,0.8886058700209644,0.8869601677148846,0.022237196765498624,-0.0016457023060797438
label_errors,0.2,42,0.0,0.0,False,0.4049079754601227,0.436046511627907,0.436046511627907,-0.03113853616778428,0.0,0.6728266205950583,0.6882321010227987,0.6882321010227987,-0.015405480427740481,0.0,0.911367175801138,0.8462938005390835,0.8462938005390835,0.06507337526205448,0.0
label_errors,0.2,43,1.0,0.0005952380952380953,False,0.4171779141104294,0.4748603351955307,0.4563380281690141,-0.0576824210851013,-0.018522307026516638,0.6795724634693869,0.7084357197260812,0.6984309555328891,-0.02886325625669428,-0.010004764193192073,0.9134920634920635,0.8762114405510631,0.8770934411500448,0.03728062294100032,0.0008820005989816915
label_errors,0.2,44,1.0,0.0011904761904761906,False,0.40483383685800606,0.430939226519337,0.44686648501362397,-0.02610538966133097,0.015927258494286944,0.6722853797321539,0.6836598541491065,0.6920382533326703,-0.011374474416952607,0.008378399183563867,0.9125022461814913,0.8663941299790356,0.8664270739742438,0.046108116202455696,3.2943995208145616e-05
label_errors,0.2,45,1.0,0.0005952380952380953,False,0.4110429447852761,0.3674698795180723,0.3614457831325301,0.04357306526720378,-0.006024096385542188,0.6761995420322227,0.6516051967969798,0.6482871510521891,0.024594345235242843,-0.0033180457447906653,0.91088948787062,0.8602216232404911,0.8587735849056604,0.050667864630128845,-0.001448038334830759
label_errors,0.2,46,1.0,0.0005952380952380953,False,0.41358024691358025,0.43258426966292135,0.4233983286908078,-0.0190040227493411,-0.00918594097211356,0.6777913444580111,0.6851577328585877,0.6797645762553083,-0.007366388400576573,-0.0053931566032794365,0.910843066786463,0.8590655884995508,0.8565049415992814,0.05177747828691215,-0.00256064690026947
feature_corruption,0.05,42,0.25728155339805825,0.06446120165409876,False,0.4049079754601227,0.38095238095238093,0.36893203883495146,0.023955594507741762,-0.012020342117429472,0.6728266205950583,0.6607958251793868,0.6548397659990619,0.012030795415671425,-0.005956059180324935,0.911367175801138,0.911199460916442,0.9041614255765199,0.00016771488469602414,-0.0070380353399220885
feature_corruption,0.05,43,0.24164278892072588,0.06248456408989874,False,0.4171779141104294,0.3619047619047619,0.38125,0.05527315220566753,0.019345238095238082,0.6795724634693869,0.6503587736464449,0.6604420731707317,0.029213689822942035,0.01008329952428677,0.9134920634920635,0.9080008984725968,0.9078990715783168,0.005491165019466671,-0.00010182689427995495
feature_corruption,0.05,44,0.2558795860771402,0.06661768307616948,False,0.40483383685800606,0.38461538461538464,0.36774193548387096,0.02021845224262142,-0.016873449131513674,0.6722853797321539,0.6631106120157215,0.6540837336993823,0.00917476771643233,-0.009026878316339193,0.9125022461814913,0.9062443845462714,0.8995627433363281,0.006257861635219908,-0.006681641209943301
feature_corruption,0.05,45,0.249269717624148,0.06308526367668803,False,0.4110429447852761,0.4,0.3935483870967742,0.011042944785276065,-0.006451612903225823,0.6761995420322227,0.6707317073170731,0.6682027649769585,0.0054678347151495554,-0.0025289423401145816,0.91088948787062,0.9141239892183289,0.9122731356693622,-0.0032345013477089735,-0.0018508535489667466
feature_corruption,0.05,46,0.24355300859598855,0.062515322382937,False,0.41358024691358025,0.4110429447852761,0.42105263157894735,0.002537302128304164,0.010009686793671257,0.6777913444580111,0.6761995420322227,0.6819941217095224,0.001591802425788491,0.005794579677299794,0.910843066786463,0.9089847259658581,0.9085624438454628,0.0018583408206048757,-0.0004222821203953009
feature_corruption,0.1,42,0.3487133984028394,0.04769996358781405,False,0.4049079754601227,0.3593220338983051,0.3858520900321543,0.04558594156181761,0.026530056133849234,0.6728266205950583,0.6510679761019513,0.6638898638059829,0.021758644493106938,0.012821887704031587,0.911367175801138,0.9061021263851452,0.896858340820605,0.005265049415992817,-0.009243785564540197
feature_corruption,0.1,43,0.34446564885496184,0.04426189308484551,False,0.4171779141104294,0.3818770226537217,0.4025974025974026,0.03530089145670773,0.020720379943680922,0.6795724634693869,0.6619199759272862,0.6733521642391631,0.017652487542100692,0.011432188311876867,0.9134920634920635,0.9050104821802937,0.9099401018268942,0.008481581311769792,0.004929619646600547
feature_corruption,0.1,44,0.3365570599613153,0.0421767058538359,False,0.40483383685800606,0.37623762376237624,0.3818770226537217,0.02859621309562982,0.00563939889134546,0.6722853797321539,0.6594563914990226,0.6619199759272862,0.012828988233131278,0.0024635844282636654,0.9125022461814913,0.9006573824498353,0.8990221623240491,0.011844863731656052,-0.0016352201257862076
feature_corruption,0.1,45,0.32922201138519924,0.04277086158017996,False,0.4110429447852761,0.389937106918239,0.39490445859872614,0.02110583786703707,0.00496735168048712,0.6761995420322227,0.6654134041599118,0.6685416997801908,0.010786137872310864,0.0031282956202790535,0.91088948787062,0.90591494459419,0.8974483378256962,0.004974543276429988,-0.008466606768493756
feature_corruption,0.1,46,0.35885608856088563,0.047508549096238396,False,0.41358024691358025,0.3576158940397351,0.39087947882736157,0.05596435287384516,0.03326358478762648,0.6777913444580111,0.6493961823139852,0.6670461773122535,0.02839516214402593,0.017649994998268248,0.910843066786463,0.9071713087750823,0.901925726265349,0.0036717580113806436,-0.005245582509733393
feature_corruption,0.2,42,0.425512104283054,0.027568317548410447,False,0.4049079754601227,0.363013698630137,0.3493150684931507,0.0418942768299857,-0.0136986301369863,0.6728266205950583,0.6533931854698448,0.645939275479949,0.01943343512521345,-0.007453909989895813,0.911367175801138,0.8901377657981433,0.8939188379754417,0.02122941000299472,0.0037810721772983946
feature_corruption,0.2,43,0.41781450872359965,0.027965580823601722,False,0.4171779141104294,0.36860068259385664,0.3310344827586207,0.04857723151657278,-0.03756619983523596,0.6795724634693869,0.6563293706286489,0.6362121054276487,0.023243092840738,-0.020117265201000212,0.9134920634920635,0.900360886492962,0.8940356394129978,0.01313117699910149,-0.00632524707996418
feature_corruption,0.2,44,0.4209558823529412,0.027777777777777776,False,0.40483383685800606,0.34812286689419797,0.38283828382838286,0.05671096996380809,0.034715416934184895,0.6722853797321539,0.6451832961625511,0.6630600275678159,0.027102083569602753,0.0178767314052648,0.9125022461814913,0.8956064690026955,0.8886552860137766,0.016895777178795868,-0.006951182988918836
feature_corruption,0.2,45,0.42788461538461536,0.027401477832512317,False,0.4110429447852761,0.3728813559322034,0.380327868852459,0.03816158885307269,0.00744651292025561,0.6761995420322227,0.6584527808405344,0.6614841165203115,0.017746761191688276,0.003031335679777092,0.91088948787062,0.9039547768793051,0.8997139862234202,0.006934710991314819,-0.004240790655884896
feature_corruption,0.2,46,0.4162724692526017,0.02678354029705381,False,0.41358024691358025,0.3392226148409894,0.3333333333333333,0.07435763207259083,-0.005889281507656108,0.6777913444580111,0.6414231856236904,0.6376811594202898,0.03636815883432076,-0.0037420262034005836,0.910843066786463,0.9008250973345315,0.8970545073375262,0.010017969451931452,-0.0037705899970053025
