timestamp_utc,phase,context,model,n_estimators,random_state,n_rows,n_features,duration_seconds,notes
2026-10-02T06:24:54+00:00,phase2,clean_baseline model=logistic_regression,LogisticRegression,,42,31655,14,1.103,
2026-10-02T06:25:16+00:00,phase2,clean_baseline model=random_forest,RandomForestClassifier,300,42,31655,14,21.126,
2026-10-02T12:48:04+00:00,phase7,clean_baseline seed=42,RandomForestClassifier,300,42,31655,14,3.711,
2026-10-02T12:48:09+00:00,phase7,missing_values rate=5% seed=42,RandomForestClassifier,300,42,31655,14,4.53,
2026-10-02T12:48:14+00:00,phase9,clean_baseline seed=42,RandomForestClassifier,300,42,31655,14,5.86,
2026-10-02T12:48:18+00:00,phase7,missing_values rate=10% seed=42,RandomForestClassifier,300,42,31655,14,7.173,
2026-10-02T12:48:21+00:00,phase9,missing_values rate=5% seed=42 (dirty),RandomForestClassifier,300,42,31655,14,5.704,
2026-10-02T12:48:26+00:00,phase7,missing_values rate=20% seed=42,RandomForestClassifier,300,42,31655,14,4.781,
2026-10-02T12:48:31+00:00,phase7,label_errors rate=5% seed=42,RandomForestClassifier,300,42,31655,14,5.122,
2026-10-02T12:48:41+00:00,phase9,missing_values rate=5% seed=42 (auto_repaired),RandomForestClassifier,300,42,31655,14,7.742,
2026-10-02T12:48:41+00:00,phase7,label_errors rate=10% seed=42,RandomForestClassifier,300,42,31655,14,9.407,
2026-10-02T12:48:49+00:00,phase9,missing_values rate=5% seed=42 (oracle_repaired),RandomForestClassifier,300,42,31655,14,7.399,
2026-10-02T12:48:51+00:00,phase7,label_errors rate=20% seed=42,RandomForestClassifier,300,42,31655,14,9.805,
2026-10-02T12:48:58+00:00,phase9,missing_values rate=10% seed=42 (dirty),RandomForestClassifier,300,42,31655,14,7.623,
2026-10-02T12:48:59+00:00,phase7,duplicates rate=5% seed=42,RandomForestClassifier,300,42,33237,14,7.61,
2026-10-02T12:49:04+00:00,phase7,duplicates rate=10% seed=42,RandomForestClassifier,300,42,34820,14,4.95,
2026-10-02T12:49:09+00:00,phase7,duplicates rate=20% seed=42,RandomForestClassifier,300,42,37986,14,4.966,
2026-10-02T12:49:14+00:00,phase7,outliers rate=5% seed=42,RandomForestClassifier,300,42,31655,14,3.944,
2026-10-02T12:49:18+00:00,phase7,outliers rate=10% seed=42,RandomForestClassifier,300,42,31655,14,3.978,
2026-10-02T12:49:26+00:00,phase9,missing_values rate=10% seed=42 (auto_repaired),RandomForestClassifier,300,42,31655,14,8.407,
2026-10-02T12:49:27+00:00,phase7,outliers rate=20% seed=42,RandomForestClassifier,300,42,31655,14,8.293,
2026-10-02T12:49:35+00:00,phase9,missing_values rate=10% seed=42 (oracle_repaired),RandomForestClassifier,300,42,31655,14,7.789,
2026-10-02T12:49:35+00:00,phase7,feature_corruption rate=5% seed=42,RandomForestClassifier,300,42,31655,14,8.374,
2026-10-02T12:49:41+00:00,phase7,feature_corruption rate=10% seed=42,RandomForestClassifier,300,42,31655,14,5.446,
2026-10-02T12:49:49+00:00,phase9,missing_values rate=20% seed=42 (dirty),RandomForestClassifier,300,42,31655,14,9.52,
2026-10-02T12:49:51+00:00,phase7,feature_corruption rate=20% seed=42,RandomForestClassifier,300,42,31655,14,9.41,
2026-10-02T12:49:59+00:00,phase8,clean_baseline seed=42,RandomForestClassifier,300,42,31655,14,4.978,
2026-10-02T12:50:04+00:00,phase8,missing_values rate=5% seed=42 (dirty),RandomForestClassifier,300,42,31655,14,4.612,
2026-10-02T12:50:09+00:00,phase8,missing_values rate=5% seed=42 (oracle_repaired),RandomForestClassifier,300,42,31655,14,4.584,
2026-10-02T12:50:15+00:00,phase8,missing_values rate=10% seed=42 (dirty),RandomForestClassifier,300,42,31655,14,4.754,
2026-10-02T12:50:20+00:00,phase8,missing_values rate=10% seed=42 (oracle_repaired),RandomForestClassifier,300,42,31655,14,4.132,
2026-10-02T12:50:27+00:00,phase8,missing_values rate=20% seed=42 (dirty),RandomForestClassifier,300,42,31655,14,4.948,
2026-10-02T12:50:35+00:00,phase8,missing_values rate=20% seed=42 (oracle_repaired),RandomForestClassifier,300,42,31655,14,6.6,
2026-10-02T12:50:38+00:00,phase9,missing_values rate=20% seed=42 (auto_repaired),RandomForestClassifier,300,42,31655,14,8.272,
2026-10-02T12:50:44+00:00,phase8,label_errors rate=5% seed=42 (dirty),RandomForestClassifier,300,42,31655,14,8.829,
2026-10-02T12:50:47+00:00,phase9,missing_values rate=20% seed=42 (oracle_repaired),RandomForestClassifier,300,42,31655,14,7.286,
2026-10-02T12:50:49+00:00,phase8,label_errors rate=5% seed=42 (oracle_repaired),RandomForestClassifier,300,42,31655,14,5.301,
2026-10-02T12:51:00+00:00,phase9,label_errors rate=5% seed=42 (dirty),RandomForestClassifier,300,42,31655,14,10.054,
2026-10-02T12:51:01+00:00,phase8,label_errors rate=10% seed=42 (dirty),RandomForestClassifier,300,42,31655,14,11.196,
2026-10-02T12:51:18+00:00,phase8,label_errors rate=10% seed=42 (oracle_repaired),RandomForestClassifier,300,42,31655,14,16.331,
2026-10-02T12:51:31+00:00,phase8,label_errors rate=20% seed=42 (dirty),RandomForestClassifier,300,42,31655,14,12.787,
2026-10-02T12:51:33+00:00,phase9,label_errors rate=5% seed=42 (auto_repaired),RandomForestClassifier,300,42,31655,14,8.725,
2026-10-02T12:51:39+00:00,phase8,label_errors rate=20% seed=42 (oracle_repaired),RandomForestClassifier,300,42,31655,14,7.548,
2026-10-02T12:51:41+00:00,phase9,label_errors rate=5% seed=42 (oracle_repaired),RandomForestClassifier,300,42,31655,14,7.79,
2026-10-02T12:51:46+00:00,phase8,duplicates rate=5% seed=42 (dirty),RandomForestClassifier,300,42,33237,14,7.36,
2026-10-02T12:51:51+00:00,phase9,label_errors rate=10% seed=42 (dirty),RandomForestClassifier,300,42,31655,14,9.629,
2026-10-02T12:51:56+00:00,phase8,duplicates rate=5% seed=42 (oracle_repaired),RandomForestClassifier,300,42,31655,14,9.356,
2026-10-02T12:52:12+00:00,phase8,duplicates rate=10% seed=42 (dirty),RandomForestClassifier,300,42,34820,14,15.314,
2026-10-02T12:52:19+00:00,phase8,duplicates rate=10% seed=42 (oracle_repaired),RandomForestClassifier,300,42,31655,14,7.393,
2026-10-02T12:52:26+00:00,phase9,label_errors rate=10% seed=42 (auto_repaired),RandomForestClassifier,300,42,31655,14,9.241,
2026-10-02T12:52:28+00:00,phase8,duplicates rate=20% seed=42 (dirty),RandomForestClassifier,300,42,37986,14,8.283,
2026-10-02T12:52:33+00:00,phase9,label_errors rate=10% seed=42 (oracle_repaired),RandomForestClassifier,300,42,31655,14,6.659,
2026-10-02T12:52:35+00:00,phase8,duplicates rate=20% seed=42 (oracle_repaired),RandomForestClassifier,300,42,31655,14,6.567,
2026-10-02T12:52:43+00:00,phase8,outliers rate=5% seed=42 (dirty),RandomForestClassifier,300,42,31655,14,7.322,
2026-10-02T12:52:45+00:00,phase9,label_errors rate=20% seed=42 (dirty),RandomForestClassifier,300,42,31655,14,11.589,
2026-10-02T12:52:59+00:00,phase8,outliers rate=5% seed=42 (oracle_repaired),RandomForestClassifier,300,42,31655,14,15.791,
2026-10-02T12:53:08+00:00,phase8,outliers rate=10% seed=42 (dirty),RandomForestClassifier,300,42,31655,14,8.486,
2026-10-02T12:53:15+00:00,phase8,outliers rate=10% seed=42 (oracle_repaired),RandomForestClassifier,300,42,31655,14,6.686,
2026-10-02T12:53:23+00:00,phase9,label_errors rate=20% seed=42 (auto_repaired),RandomForestClassifier,300,42,31655,14,11.019,
2026-10-02T12:53:23+00:00,phase8,outliers rate=20% seed=42 (dirty),RandomForestClassifier,300,42,31655,14,7.181,
2026-10-02T12:53:30+00:00,phase8,outliers rate=20% seed=42 (oracle_repaired),RandomForestClassifier,300,42,31655,14,7.075,
2026-10-02T12:53:30+00:00,phase9,label_errors rate=20% seed=42 (oracle_repaired),RandomForestClassifier,300,42,31655,14,7.077,
2026-10-02T12:53:38+00:00,phase8,feature_corruption rate=5% seed=42 (dirty),RandomForestClassifier,300,42,31655,14,7.536,
2026-10-02T12:53:38+00:00,phase9,duplicates rate=5% seed=42 (dirty),RandomForestClassifier,300,42,33237,14,7.577,
2026-10-02T12:53:46+00:00,phase9,duplicates rate=5% seed=42 (auto_repaired),RandomForestClassifier,300,42,31629,14,7.451,
2026-10-02T12:53:46+00:00,phase8,feature_corruption rate=5% seed=42 (oracle_repaired),RandomForestClassifier,300,42,31655,14,7.428,
2026-10-02T12:53:53+00:00,phase9,duplicates rate=5% seed=42 (oracle_repaired),RandomForestClassifier,300,42,31655,14,6.877,
2026-10-02T12:53:53+00:00,phase8,feature_corruption rate=10% seed=42 (dirty),RandomForestClassifier,300,42,31655,14,7.287,
2026-10-02T12:54:01+00:00,phase9,duplicates rate=10% seed=42 (dirty),RandomForestClassifier,300,42,34820,14,7.456,
2026-10-02T12:54:01+00:00,phase8,feature_corruption rate=10% seed=42 (oracle_repaired),RandomForestClassifier,300,42,31655,14,6.847,
2026-10-02T12:54:08+00:00,phase9,duplicates rate=10% seed=42 (auto_repaired),RandomForestClassifier,300,42,31629,14,6.948,
2026-10-02T12:54:09+00:00,phase8,feature_corruption rate=20% seed=42 (dirty),RandomForestClassifier,300,42,31655,14,8.088,
2026-10-02T12:54:15+00:00,phase9,duplicates rate=10% seed=42 (oracle_repaired),RandomForestClassifier,300,42,31655,14,7.305,
2026-10-02T12:54:18+00:00,phase8,feature_corruption rate=20% seed=42 (oracle_repaired),RandomForestClassifier,300,42,31655,14,8.043,
2026-10-02T12:54:22+00:00,phase9,duplicates rate=20% seed=42 (dirty),RandomForestClassifier,300,42,37986,14,5.937,
2026-10-02T12:54:26+00:00,phase9,duplicates rate=20% seed=42 (auto_repaired),RandomForestClassifier,300,42,31629,14,3.733,
2026-10-02T12:54:30+00:00,phase9,duplicates rate=20% seed=42 (oracle_repaired),RandomForestClassifier,300,42,31655,14,3.682,
2026-10-02T12:54:34+00:00,phase9,outliers rate=5% seed=42 (dirty),RandomForestClassifier,300,42,31655,14,3.822,
2026-10-02T12:54:38+00:00,phase9,outliers rate=5% seed=42 (auto_repaired),RandomForestClassifier,300,42,31655,14,3.762,
2026-10-02T12:54:42+00:00,phase9,outliers rate=5% seed=42 (oracle_repaired),RandomForestClassifier,300,42,31655,14,3.638,
2026-10-02T12:54:45+00:00,phase9,outliers rate=10% seed=42 (dirty),RandomForestClassifier,300,42,31655,14,3.639,
2026-10-02T12:54:49+00:00,phase9,outliers rate=10% seed=42 (auto_repaired),RandomForestClassifier,300,42,31655,14,3.61,
2026-10-02T12:54:53+00:00,phase9,outliers rate=10% seed=42 (oracle_repaired),RandomForestClassifier,300,42,31655,14,3.611,
2026-10-02T12:54:57+00:00,phase9,outliers rate=20% seed=42 (dirty),RandomForestClassifier,300,42,31655,14,3.77,
2026-10-02T12:55:02+00:00,phase9,outliers rate=20% seed=42 (auto_repaired),RandomForestClassifier,300,42,31655,14,3.925,
2026-10-02T12:55:06+00:00,phase9,outliers rate=20% seed=42 (oracle_repaired),RandomForestClassifier,300,42,31655,14,3.814,
2026-10-02T12:55:10+00:00,phase9,feature_corruption rate=5% seed=42 (dirty),RandomForestClassifier,300,42,31655,14,4.302,
2026-10-02T13:00:56+00:00,phase9,feature_corruption rate=5% seed=42 (auto_repaired),RandomForestClassifier,300,42,31655,14,4.355,
2026-10-02T13:01:00+00:00,phase9,feature_corruption rate=5% seed=42 (oracle_repaired),RandomForestClassifier,300,42,31655,14,3.691,
2026-10-02T13:01:04+00:00,phase9,feature_corruption rate=10% seed=42 (dirty),RandomForestClassifier,300,42,31655,14,3.834,
2026-10-02T13:07:03+00:00,phase9,feature_corruption rate=10% seed=42 (auto_repaired),RandomForestClassifier,300,42,31655,14,3.787,
2026-10-02T13:07:06+00:00,phase9,feature_corruption rate=10% seed=42 (oracle_repaired),RandomForestClassifier,300,42,31655,14,3.405,
2026-10-02T13:07:11+00:00,phase9,feature_corruption rate=20% seed=42 (dirty),RandomForestClassifier,300,42,31655,14,3.901,
2026-10-02T13:13:29+00:00,phase9,feature_corruption rate=20% seed=42 (auto_repaired),RandomForestClassifier,300,42,31655,14,4.005,
2026-10-02T13:13:33+00:00,phase9,feature_corruption rate=20% seed=42 (oracle_repaired),RandomForestClassifier,300,42,31655,14,3.464,
